{"means": [-70.11944541726531, 117.44046039199246, 82.0595897389561], "std_devs": [162.21068606012204, 14.396823929132852, 31.250172536293217]}