{"means": [-9.738727990301717, 121.36247183345613, 73.44248568529011], "std_devs": [174.5255091478055, 13.496104532908035, 28.28857966815465]}