{"means": [0.5630427924838843, 0.5613948018104513, -0.9747989987656013, 0.607457618982307, 0.47945912769167465, -0.9477405019887533, 0.5128860238650391, 0.4842077904265533, -0.9492341928404883, 0.7818262241119188, 0.8594911534768893, -0.3753217665615141, 0.33137038814977365, 0.8442321355095324, -0.4269235358661363], "std_devs": [0.06758278388096499, 0.1335616390798039, 0.35662822362008234, 0.071533091780114, 0.13269341760766698, 0.374063397098216, 0.07162077748938724, 0.12884169315538047, 0.3711929632509821, 0.035333101167634794, 0.0670227344395271, 0.2516648717478779, 0.033893119596767114, 0.056111695496625154, 0.19083669942415526]}