{"means": [0.5407464190204051, 0.5005675715280068, -0.8953889804740448, 0.5817722094003004, 0.41778374912994104, -0.8663208411180717, 0.4930615818588123, 0.42537949225189586, -0.867533685020332, 0.7531389163644355, 0.8116936659706193, -0.3288788145217423, 0.3200621313697476, 0.8157883650217972, -0.384705608674946], "std_devs": [0.08764926857583753, 0.13985160306592237, 0.3409486345746228, 0.09260300265433624, 0.13494997838177714, 0.35456902414202857, 0.0914325591087924, 0.13492989009294393, 0.3531512239580394, 0.05672238722999111, 0.08614213653242041, 0.23828169001253882, 0.0461945775016465, 0.06653984210544335, 0.19353469341935167]}