{"means": [-61.94074287179243, 118.87790889247617, 78.75430954266291], "std_devs": [164.55989379503373, 13.824502693968626, 29.996193306185948]}